episode,scene,shotIndex,kind,localTime,episodeTime,request,output,sourceBeat
ep1,zhaovillage,1,pan,4,4,ep1-zhaovillage-s01,assets/animation/shot/ep1-zhaovillage-s01.png,故事開始之前，常山腳下有條趙家村。村裡的少年姓趙名雲，白日鑄劍，夜裡替全村守燈。
ep1,zhaovillage,2,push,18,18,ep1-zhaovillage-s02,assets/animation/shot/ep1-zhaovillage-s02.png,師父臨終前，把家傳的青釭劍交到他手上：「劍快，是末技；肯等，才是守門人。」
ep1,zhaovillage,3,wide,34,34,ep1-zhaovillage-s03,assets/animation/shot/ep1-zhaovillage-s03.png,他有個妹妹，小他六歲，總蹲在劍爐邊看火星，說長大了要鑄一柄比青釭更亮的劍。師父那句「肯等」，她記得比哥哥還熟。
ep1,zhaovillage,4,push,50,50,ep1-zhaovillage-s04,assets/animation/shot/ep1-zhaovillage-s04.png,三年後，朝廷的詔書到了村口——凡江湖血統，編入「較善之約」，兵器入庫，永世不得出關。名冊第一頁是趙家；妹妹的名字，排在頭一個。
ep1,zhaovillage,5,closeup,66,66,ep1-zhaovillage-s05,assets/animation/shot/ep1-zhaovillage-s05.png,押走的隊伍連夜出村。妹妹掙脫半刻，把半塊玉塞進哥哥手心：「哥，去找我。找不到——就守著一道，會讓我回家的門。」
ep1,zhaovillage,6,wide,84,84,ep1-zhaovillage-s06,assets/animation/shot/ep1-zhaovillage-s06.png,趙雲連夜北上。行囊裡是師父的一句話，手心裡，是半塊玉。
ep1,zhaovillage,7,wide,96,96,ep1-zhaovillage-s07,assets/animation/shot/ep1-zhaovillage-s07.png,他抵達翠門關外的那一夜，關樓上的燈，一盞一盞地熄了。
ep1,prologue,1,wide,0,105,ep1-prologue-s01,assets/animation/shot/ep1-prologue-s01.png,灰旗軍來的那一夜，翠門關的燈火逐一熄滅。
ep1,prologue,2,pan,18,123,ep1-prologue-s02,assets/animation/shot/ep1-prologue-s02.png,朝廷的詔書寫得溫柔：凡江湖血統，編入「較善之約」，永世不得出關。
ep1,prologue,3,wide,34,139,ep1-prologue-s03,assets/animation/shot/ep1-prologue-s03.png,逃難的百姓翻過山脊，回頭望——關樓上，已換了灰色的旗。
ep1,prologue,4,pan,44,149,ep1-prologue-s04,assets/animation/shot/ep1-prologue-s04.png,剛趕到關下的趙雲站在人潮裡，握緊行囊中的劍。他身後是回不去的村，手心裡，是妹妹的半塊玉。
ep1,prologue,5,closeup,52.5,157.5,ep1-prologue-s05,assets/animation/shot/ep1-prologue-s05.png,「山河有盡，寸刃不移。這一次，換我們守門。」
ep1,prologue,6,pan,64,169,ep1-prologue-s06,assets/animation/shot/ep1-prologue-s06.png,而在人潮的另一頭，還有兩個逆流而行的身影——他們還不知道，彼此會在今夜相遇。
ep1,oath,1,pan,4,184,ep1-oath-s01,assets/animation/shot/ep1-oath-s01.png,關下的流民營，亂得像一鍋沸水。灰旗兵驅趕人群，鞭子落在跑不動的老人身上。
ep1,oath,2,closeup,32,212,ep1-oath-s02,assets/animation/shot/ep1-oath-s02.png,「灑家的寺可以燒，人不能跪。要押走他們，先從灑家身上踏過去。」
ep1,oath,3,push,44,224,ep1-oath-s03,assets/animation/shot/ep1-oath-s03.png,灰旗兵層層圍上。人群裡又殺出一對日月雙刀——獨龍岡的扈三娘。她追著押走全家的囚車走了三日三夜，追到關前，囚車還是進了關。
ep1,oath,4,closeup,58,238,ep1-oath-s04,assets/animation/shot/ep1-oath-s04.png,「我家的門，是被這道關拆的。拆門的人，一個都別想全身走。」
ep1,oath,5,wide,68,248,ep1-oath-s05,assets/animation/shot/ep1-oath-s05.png,亂軍之中，三件兵器第一次碰在一起：劍護著老人，杖擋著箭雨，雙刀開路。三扇被拆的家門——焚了的寺、追不上的囚車、名冊上排第一的名字——在刀光裡認出了彼此。
ep1,oath,6,closeup,80,260,ep1-oath-s06,assets/animation/shot/ep1-oath-s06.png,「原來不是只有我一個，不肯讓門就這樣關上。兩位——同路嗎？」
ep1,oath,7,wide,92,272,ep1-oath-s07,assets/animation/shot/ep1-oath-s07.png,「同路。不入帝都，誓不下山。」
ep1,vanguard,1,wide,2,297,ep1-vanguard-s01,assets/animation/shot/ep1-vanguard-s01.png,關前的第一道營，由被詔令改寫的英雄鎮守——他們自己，已不記得自己是誰。
ep1,vanguard,2,push,14,309,ep1-vanguard-s02,assets/animation/shot/ep1-vanguard-s02.png,不肯跪的英雄，被押去「謄抄」：抄一遍自己的名字，便忘記一段自己。鎮守此關的關羽，已被抄過七遍。
ep1,vanguard,3,push,28,323,ep1-vanguard-s03,assets/animation/shot/ep1-vanguard-s03.png,青龍偃月刀攔路。刀是好刀，握刀的手，卻聽命於灰帝的墨。
ep1,vanguard,4,closeup,44,339,ep1-vanguard-s04,assets/animation/shot/ep1-vanguard-s04.png,「關將軍，你的刀在替別人寫字。讓我幫你鬆一鬆腕。」
ep1,vanguard,5,fight,60,355,ep1-vanguard-s05,assets/animation/shot/ep1-vanguard-s05.png,一場牌局般的決鬥：讀招、拆招、以氣破式。守衛倒下之處，營火四散。
ep1,vanguard,6,pan,74,369,ep1-vanguard-s06,assets/animation/shot/ep1-vanguard-s06.png,被斬斷的不只是繩，還有寫在血裡的約。
ep1,warden,1,closeup,4,384,ep1-warden-s01,assets/animation/shot/ep1-warden-s01.png,「常山的年輕劍士……為了一個不顧你的帝國，流血到死？」
ep1,warden,2,closeup,26,406,ep1-warden-s02,assets/animation/shot/ep1-warden-s02.png,「帝國欠的賬，江湖來收。你的關，今日換主人。」
ep1,warden,3,fight,44,424,ep1-warden-s03,assets/animation/shot/ep1-warden-s03.png,守將的巨戟劈碎了半座箭樓。趙雲貼地而進——青釭劍只取一處：執戟的手腕。
ep1,warden,4,closeup,66,446,ep1-warden-s04,assets/animation/shot/ep1-warden-s04.png,第二式來得更狠。魯智深橫杖硬接，虎口迸裂，笑聲不停。
ep1,warden,5,fight,80,460,ep1-warden-s05,assets/animation/shot/ep1-warden-s05.png,第三式未出，雙刀已至。守將單膝落地的一刻，關門開了。
ep1,act1-fall,1,wide,0,475,ep1-act1-fall-s01,assets/animation/shot/ep1-act1-fall-s01.png,守將倒下，翠門關回到了百姓手裡。
ep1,act1-fall,2,closeup,20.5,495.5,ep1-act1-fall-s02,assets/animation/shot/ep1-act1-fall-s02.png,「墨跡散了，我想起自己是誰了。前面的路，一起走。」
ep1,act1-fall,3,wide,40,515,ep1-act1-fall-s03,assets/animation/shot/ep1-act1-fall-s03.png,茶棚裡一壺茶的工夫，江湖上多了幾個名字。
ep1,act1-fall,4,pan,54,529,ep1-act1-fall-s04,assets/animation/shot/ep1-act1-fall-s04.png,而血月，只是暗了一分。
ep1,bamboo,1,pan,4,544,ep1-bamboo-s01,assets/animation/shot/ep1-bamboo-s01.png,過了關，是竹林。竹子會說話——用箭、用絲、用你聽不見的琴音。
ep1,bamboo,2,push,22,562,ep1-bamboo-s02,assets/animation/shot/ep1-bamboo-s02.png,影刺客在筍霧裡來去，毒師的蛇信藏在露水下面。
ep1,bamboo,3,closeup,40,580,ep1-bamboo-s03,assets/animation/shot/ep1-bamboo-s03.png,「霧裡的東西，交給我的雙刀。你們只管走直線。」
ep1,bamboo,4,wide,58,598,ep1-bamboo-s04,assets/animation/shot/ep1-bamboo-s04.png,淺灘減了步速，箭雨卻密了。三人背靠背，一步一步，把竹林走成了路。
ep1,bamboo,5,push,74,614,ep1-bamboo-s05,assets/animation/shot/ep1-bamboo-s05.png,然後，琴聲停了。停琴的地方，站著一個看不見的人。
ep1,heron,1,closeup,4,629,ep1-heron-s01,assets/animation/shot/ep1-heron-s01.png,「琴弦一動，就是你們最後一次並肩。可惜了，三把好兵器。」
ep1,heron,2,pan,26,651,ep1-heron-s02,assets/animation/shot/ep1-heron-s02.png,她看不見，卻聽得見血的方向。絲弦封了三路，毒霧封了第四路。
ep1,heron,3,closeup,46,671,ep1-heron-s03,assets/animation/shot/ep1-heron-s03.png,趙雲棄攻為守，魯智深以杖作鐘——鐘聲亂了琴音的拍子。
ep1,heron,4,fight,63,688,ep1-heron-s04,assets/animation/shot/ep1-heron-s04.png,拍子一亂，盲者的世界就碎了。雙刀自側翼落下，如月分海。
ep1,heron,5,push,78,703,ep1-heron-s05,assets/animation/shot/ep1-heron-s05.png,琴落地，弦未斷。夜鷺笑著走進霧裡：「這一局，算你們的。」
ep1,crossing,1,wide,0,715,ep1-crossing-s01,assets/animation/shot/ep1-crossing-s01.png,河的對岸，被詔令改寫的英雄一個一個醒來：打虎的行者、擂鼓的娘子、執旗的女將。
ep1,crossing,2,closeup,24.5,739.5,ep1-crossing-s02,assets/animation/shot/ep1-crossing-s02.png,「既然醒了，就別再跪。你們去哪，我去哪。」
ep1,crossing,3,wide,44,759,ep1-crossing-s03,assets/animation/shot/ep1-crossing-s03.png,渡船破浪。船頭立著的，已經不止三個身影。
ep1,crossing,4,pan,58,773,ep1-crossing-s04,assets/animation/shot/ep1-crossing-s04.png,血月，又暗了一分。
ep1,clouds,1,wide,0,785,ep1-clouds-s01,assets/animation/shot/ep1-clouds-s01.png,滄嵐山的雲階，一級一級，走向被咒的將軍。鐵僧攔路，鐘聲當盾。
ep1,clouds,2,closeup,24.5,809.5,ep1-clouds-s02,assets/animation/shot/ep1-clouds-s02.png,「同是出家人，你的鐘渡不了他。讓我的杖試試。」
ep1,clouds,3,wide,44,829,ep1-clouds-s03,assets/animation/shot/ep1-clouds-s03.png,雲裡落石，風裡藏刀。走一步，還一步。
ep1,clouds,4,pan,62,847,ep1-clouds-s04,assets/animation/shot/ep1-clouds-s04.png,雲階盡頭，一把方天畫戟插在石裡——戟的主人，眼睛是灰色的。
ep1,lubu,1,closeup,4,874,ep1-lubu-s01,assets/animation/shot/ep1-lubu-s01.png,「灰帝的詛咒餵著我的戟。要斷咒，先斷我——來。」
ep1,lubu,2,fight,26,896,ep1-lubu-s02,assets/animation/shot/ep1-lubu-s02.png,戟風過處，雲都退了三尺。趙雲的劍快，呂布的戟更快。
ep1,lubu,3,fight,46,916,ep1-lubu-s03,assets/animation/shot/ep1-lubu-s03.png,三娘的紅纓纏戟，魯智深的禪杖壓肩——三件兵器，織成一張網。
ep1,lubu,4,closeup,66,936,ep1-lubu-s04,assets/animation/shot/ep1-lubu-s04.png,網收緊的一刻，青釭劍點在戟主的眉心：不是殺，是斬咒。
ep1,lubu,5,closeup,82,952,ep1-lubu-s05,assets/animation/shot/ep1-lubu-s05.png,「……灰色散了。此刃，重歸於我。」
ep1,freed,1,closeup,4,969,ep1-freed-s01,assets/animation/shot/ep1-freed-s01.png,「詛咒已斷，我的戟自己作主。天脈城一戰——算我一份。」
ep1,freed,2,closeup,18,983,ep1-freed-s02,assets/animation/shot/ep1-freed-s02.png,「在咒裡的十年，我看過他的真身——前朝一個史官，一支筆。寫下的約會自己行走，這就是詔令。而被墨改寫的人沒有死——他們被寫進了，別的書頁。」
ep1,freed,3,wide,40,1005,ep1-freed-s03,assets/animation/shot/ep1-freed-s03.png,眾人抬頭。血月懸在城上，像一隻不肯眨的眼——原來那不是天象，是他的硯。
ep1,freed,4,closeup,58,1023,ep1-freed-s04,assets/animation/shot/ep1-freed-s04.png,「那就打翻它。墨再深，也深不過寫它的人心。」
ep1,freed,5,pan,70,1035,ep1-freed-s05,assets/animation/shot/ep1-freed-s05.png,飛將軍並轡而行。雲開處，帝都已經看得見了。
ep1,bloodmoon,1,pan,4,1049,ep1-bloodmoon-s01,assets/animation/shot/ep1-bloodmoon-s01.png,天脈城在血月下開著門——灰帝知道他們來了，氣漩沿著城牆唱歌。
ep1,bloodmoon,2,closeup,24,1069,ep1-bloodmoon-s02,assets/animation/shot/ep1-bloodmoon-s02.png,「那就讓他看我們走進去。他毀掉的每一個誓，都在月亮這一邊等著。」
ep1,bloodmoon,3,fight,44,1089,ep1-bloodmoon-s03,assets/animation/shot/ep1-bloodmoon-s03.png,玉衛列陣，供奉結印。牌局一場接一場——讀招者生，硬拼者死。
ep1,bloodmoon,4,push,64,1109,ep1-bloodmoon-s04,assets/animation/shot/ep1-bloodmoon-s04.png,大殿深處，王座上的人，終於抬起了頭。
ep1,throne,1,closeup,4,1134,ep1-throne-s01,assets/animation/shot/ep1-throne-s01.png,「四把刀，一個借來的月亮。你們砍斷的每一個誓，都是朕寫的——跪下，朕給你們寫個好一點的。」
ep1,throne,2,closeup,32,1162,ep1-throne-s02,assets/animation/shot/ep1-throne-s02.png,「你的墨是別人的血。今夜，墨用完了。現出真身——在月亮落下之前，結束這一切。」
ep1,throne,3,push,56,1186,ep1-throne-s03,assets/animation/shot/ep1-throne-s03.png,灰帝起身。血月跟著他起身。
ep1,throne,4,wide,72,1202,ep1-throne-s04,assets/animation/shot/ep1-throne-s04.png,王座之後，是沒有邊的暗。
ep1,final-duel,1,fight,4,1229,ep1-final-duel-s01,assets/animation/shot/ep1-final-duel-s01.png,第一擊，碎了三重殿門。第二擊，月亮暗了半分。
ep1,final-duel,2,closeup,24,1249,ep1-final-duel-s02,assets/animation/shot/ep1-final-duel-s02.png,他的誓約一條一條亮起，像鎖鏈一樣纏上來——三人各斷其一。
ep1,final-duel,3,closeup,44,1269,ep1-final-duel-s03,assets/animation/shot/ep1-final-duel-s03.png,「破約者，被約所噬。」灰帝的聲音第一次發顫。
ep1,final-duel,4,fight,62,1287,ep1-final-duel-s04,assets/animation/shot/ep1-final-duel-s04.png,呂布的戟、雙刀的月、禪杖的鐘、青釭的龍——四刃同時落下。
ep1,final-duel,5,push,80,1305,ep1-final-duel-s05,assets/animation/shot/ep1-final-duel-s05.png,王座，空了。
ep1,epilogue,1,closeup,4,1324,ep1-epilogue-s01,assets/animation/shot/ep1-epilogue-s01.png,「月亮……落了。江湖，留給你們吧。朕怕的從來不是失去王座——是之後的寂靜。」
ep1,epilogue,2,pan,32,1352,ep1-epilogue-s02,assets/animation/shot/ep1-epilogue-s02.png,血月褪去。天脈城的門，開向一個平凡的黎明。
ep2,rift,1,wide,0,0,ep2-rift-s01,assets/animation/shot/ep2-rift-s01.png,灰帝倒下之後的黎明，只維持了一次心跳。
ep2,rift,2,pan,20,20,ep2-rift-s02,assets/animation/shot/ep2-rift-s02.png,他飲下的誓，有一筆還懸在半空——沒有落款的故事，不會自己結束。
ep2,rift,3,wide,36,36,ep2-rift-s03,assets/animation/shot/ep2-rift-s03.png,一道金色的縫，在破碎的城門上空撕開，飲盡血月最後的光。
ep2,rift,4,pan,52,52,ep2-rift-s04,assets/animation/shot/ep2-rift-s04.png,斬誓的人，被未完的墨追討。縫帶走了三個人，像河流帶走落葉。
ep2,rift,5,wide,68,68,ep2-rift-s05,assets/animation/shot/ep2-rift-s05.png,「詔令未完，故事改寫續篇——」
ep2,rift,6,pan,80,80,ep2-rift-s06,assets/animation/shot/ep2-rift-s06.png,翠門關的風，甚麼都沒有留下。除了三個空了的兵器位。
ep2,rift,7,wide,88,88,ep2-rift-s07,assets/animation/shot/ep2-rift-s07.png,趙雲按住胸口的半塊玉——被墨追討的，和他要找的，原來是同一筆。
ep2,corpse-street,1,pan,4,99,ep2-corpse-street-s01,assets/animation/shot/ep2-corpse-street-s01.png,背上是石板。四面是霧，和一條散著舊煙味的街。
ep2,corpse-street,2,push,24,119,ep2-corpse-street-s02,assets/animation/shot/ep2-corpse-street-s02.png,星象是錯的。銅錢上的年號，來自一個他們從未侍奉過的朝代。
ep2,corpse-street,3,closeup,62,157,ep2-corpse-street-s03,assets/animation/shot/ep2-corpse-street-s03.png,「那我們就用同樣的辦法，救這條街。起身的時候，看好彼此的背。」
ep2,inspectors,1,wide,4,189,ep2-inspectors-s01,assets/animation/shot/ep2-inspectors-s01.png,第一座營，帳中四人：賈雨村的算盤、范進的墨、匡忠的槍、魯肅的禮。
ep2,inspectors,2,closeup,26,211,ep2-inspectors-s02,assets/animation/shot/ep2-inspectors-s02.png,「異世流民三名，估值……嗯，值得一局。」
ep2,inspectors,3,pan,44,229,ep2-inspectors-s03,assets/animation/shot/ep2-inspectors-s03.png,他們不是惡人——他們是被詔令從各自的書頁裡撕出來的人。
ep2,hall,1,pan,4,279,ep2-hall-s01,assets/animation/shot/ep2-hall-s01.png,穿過大門：一座大如科舉考場的殿。二十張案，列成品字。
ep2,hall,2,wide,26,301,ep2-hall-s02,assets/animation/shot/ep2-hall-s02.png,二十張臉，同時轉向他們——判官、相國、妃嬪、名妓、名將、名臣。
ep2,hall,3,closeup,48,323,ep2-hall-s03,assets/animation/shot/ep2-hall-s03.png,「閉卷裡的散頁們。詔令把我們集合於此，寫成一個較善的宫廷——也會這樣對你們。跪下，被溫柔地改寫；或者站著，打贏二十人，贏回去的橋。」
ep2,refuse,1,closeup,4,374,ep2-refuse-s01,assets/animation/shot/ep2-refuse-s01.png,「寧可站著打完二十場，不跪著受一次審。」
ep2,refuse,2,closeup,28,398,ep2-refuse-s02,assets/animation/shot/ep2-refuse-s02.png,「開屏吧——第一輪。」
ep2,refuse,3,wide,42,412,ep2-refuse-s03,assets/animation/shot/ep2-refuse-s03.png,二十張案，同時翻起。
ep2,lattice,1,pan,4,439,ep2-lattice-s01,assets/animation/shot/ep2-lattice-s01.png,廿賢離案，散入格子屏風的迷宮——絲袖、判官刃、半開的扇，藏在每一片後面。
ep2,lattice,2,closeup,46,481,ep2-lattice-s02,assets/animation/shot/ep2-lattice-s02.png,「葬花的鋤，也葬得了刀客的銳氣。請。」
ep2,lattice,3,fight,63,498,ep2-lattice-s03,assets/animation/shot/ep2-lattice-s03.png,一屏一局。每贏一局，就有一個人從別人的故事裡，回到自己的故事裡。
ep2,lattice,4,wide,78,513,ep2-lattice-s04,assets/animation/shot/ep2-lattice-s04.png,二十張案，一張一張地空。
ep2,judges,1,pan,4,529,ep2-judges-s01,assets/animation/shot/ep2-judges-s01.png,賈政的家法、荀彧的布局、宋江的義、吳用的謀——判官一脈，以「理」為刃。
ep2,judges,2,closeup,28,553,ep2-judges-s02,assets/animation/shot/ep2-judges-s02.png,「理是死的，人是活的。雙刀只跟活人講。」
ep2,judges,3,fight,47,572,ep2-judges-s03,assets/animation/shot/ep2-judges-s03.png,牌桌之上，算無遺策的軍師，輸給了不肯按牌理出牌的刀。
ep2,judges,4,closeup,66,591,ep2-judges-s04,assets/animation/shot/ep2-judges-s04.png,「……輸得不冤。回去我把這一局寫進書裡。」
ep2,investigators,1,closeup,4,614,ep2-investigators-s01,assets/animation/shot/ep2-investigators-s01.png,「本殿斷案百年，未見過不肯認罪的月亮。你們的案子——本官親自審。」
ep2,investigators,2,pan,28,638,ep2-investigators-s02,assets/animation/shot/ep2-investigators-s02.png,包龍圖的月牙額燈，照謊言；狄仁杰的推理，剝偽裝。
ep2,investigators,3,closeup,48,658,ep2-investigators-s03,assets/animation/shot/ep2-investigators-s03.png,「真相只有一個：這座殿，本身就是偽證。」
ep2,court,1,wide,4,694,ep2-court-s01,assets/animation/shot/ep2-court-s01.png,元春的宮儀、熙鳳的算計、甄嬛的隱忍、華妃的驕焰——深宮一脈，各有一段未完的故事。
ep2,court,2,closeup,28,718,ep2-court-s02,assets/animation/shot/ep2-court-s02.png,「從沒見過輸了還這麼開心的。也罷——刀客，替我看看宮牆外的天。」
ep2,court,3,pan,50,740,ep2-court-s03,assets/animation/shot/ep2-court-s03.png,一局終了，鳳姐倚案大笑；華妃擲扇；元春垂淚而笑。
ep2,legends,1,pan,4,779,ep2-legends-s01,assets/animation/shot/ep2-legends-s01.png,貂蟬的裙、玉環的霓裳、黛玉的鋤、寶釵的扇——美人一脈，被詔令撕出自己的書頁。
ep2,legends,2,closeup,28,803,ep2-legends-s02,assets/animation/shot/ep2-legends-s02.png,「霓裳一曲，從此只為自己跳。多謝你的刀。」
ep2,legends,3,push,48,823,ep2-legends-s03,assets/animation/shot/ep2-legends-s03.png,每斷一線，殿裡就亮一盞燈。二十盞——只剩最後一盞未亮。
ep2,causeway,1,closeup,4,864,ep2-causeway-s01,assets/animation/shot/ep2-causeway-s01.png,「我的二十人，倒了你們十九個——詔令也快用完了。我是趙敏，最後的守橋人。回家的橋，跨過我的影子。」
ep2,causeway,2,closeup,32,892,ep2-causeway-s02,assets/animation/shot/ep2-causeway-s02.png,「大殿安靜下來之後，我就一直等著這一局。等一個故事，來還它欠我的那一筆——肯等的人，才守得住門。」
ep2,causeway,3,push,46,906,ep2-causeway-s03,assets/animation/shot/ep2-causeway-s03.png,師父的話。這世上聽過這句話的人，應該只剩兩個。趙雲握劍的手，慢慢收緊。
ep2,causeway,4,closeup,56,916,ep2-causeway-s04,assets/animation/shot/ep2-causeway-s04.png,「……守橋人。這一局我非打不可。打完——你欠我一個答案。」
ep2,causeway,5,fight,74,934,ep2-causeway-s05,assets/animation/shot/ep2-causeway-s05.png,雙劍出鞘。雲棧之上，風停了。
ep2,final,1,fight,4,954,ep2-final-s01,assets/animation/shot/ep2-final-s01.png,趙敏的劍走的是「謀」——每一招都留三條退路，每一條退路都是殺局。
ep2,final,2,wide,24,974,ep2-final-s02,assets/animation/shot/ep2-final-s02.png,三俠走的是「誓」——三件兵器，一條路。
ep2,final,3,fight,42,992,ep2-final-s03,assets/animation/shot/ep2-final-s03.png,第十九次交鋒。青釭劍的劍脊，挑落了她的袖扣——半塊玉，墜在兩人之間的雲上。
ep2,final,4,closeup,58,1008,ep2-final-s04,assets/animation/shot/ep2-final-s04.png,「……撿起來吧。斷口向你——是那年爐火邊，我先掰開的那一半。哥。」
ep2,final,5,closeup,72,1022,ep2-final-s05,assets/animation/shot/ep2-final-s05.png,「我找了你三道關、一座帝都、一百年。原來回家的橋，一直是你守的。」
ep2,final,6,push,84,1034,ep2-final-s06,assets/animation/shot/ep2-final-s06.png,兩塊半玉在劍脊上輕輕相扣。雲，開了。
ep2,home,1,closeup,4,1049,ep2-home-s01,assets/animation/shot/ep2-home-s01.png,「趁天還記得你們的名字，過橋吧。守橋的人，不能離橋——這是我用一百年學會的規矩。」
ep2,home,2,pan,22,1067,ep2-home-s02,assets/animation/shot/ep2-home-s02.png,第二十張案，空了。棧下雲開——露出他們自己的早晨。
ep2,home,3,push,52,1097,ep2-home-s03,assets/animation/shot/ep2-home-s03.png,趙雲回頭。妹妹在橋的那一端抬了抬手，像小時候催他回家吃飯。
